﻿<?xml version="1.0" encoding="utf-8"?>
<Test xmlns:xsi="http://www.w3.org/2001/XMLSchema-instance" xmlns:xsd="http://www.w3.org/2001/XMLSchema" Name="Address1Fail31CharsTest" IsTestCase="false" TestCaseId="0" AutomatedTestId="f704dc5b-d3e9-484b-f913-d059ff245c27">
  <Signatures>
    <Signature>2604EA060D09B9BA795BF78328BF18628C36E89C</Signature>
    <Signature>4B41F5D2532DDEA84372DB3317EBEB413AF2A2EE</Signature>
    <Signature>B8222051AFE7FA9F649D81ACED22B570C5D15C04</Signature>
    <Signature>51C3A83A0852F58EA95AE17027403CC9A4024889</Signature>
    <Signature>8F885AA9ED653F6A1309C6DB5AF9192E10A0FCE6</Signature>
    <Signature>13B72CBA7D40FCFE9710026AF114AAF980893E69</Signature>
  </Signatures>
</Test>