﻿<?xml version="1.0" encoding="utf-8"?>
<Test xmlns:xsi="http://www.w3.org/2001/XMLSchema-instance" xmlns:xsd="http://www.w3.org/2001/XMLSchema" Name="FaxFail11NumsDashesTest" IsTestCase="false" TestCaseId="0" AutomatedTestId="1b6ce3e4-ff27-ca32-05ca-5afdeaae64c5">
  <Signatures>
    <Signature>2604EA060D09B9BA795BF78328BF18628C36E89C</Signature>
    <Signature>4B41F5D2532DDEA84372DB3317EBEB413AF2A2EE</Signature>
    <Signature>E2811FF951C2CE41C34E2373D505C551304819BC</Signature>
    <Signature>51C3A83A0852F58EA95AE17027403CC9A4024889</Signature>
    <Signature>E3E9D7843BAD3E337CE4FDDACFDEA63F2C8CA7A3</Signature>
    <Signature>3C8A27E6622589CB24DD995AEC88013D1FE7F519</Signature>
    <Signature>6B6456864543884405A22FDC94E39A57BD6E36DC</Signature>
  </Signatures>
</Test>