﻿<?xml version="1.0" encoding="utf-8"?>
<Test xmlns:xsi="http://www.w3.org/2001/XMLSchema-instance" xmlns:xsd="http://www.w3.org/2001/XMLSchema" Name="ZipTestIncorrect9DigitFormat" IsTestCase="false" TestCaseId="0" AutomatedTestId="267dc2de-2c76-d9b1-b205-16ba29dfab2f">
  <Signatures>
    <Signature>2604EA060D09B9BA795BF78328BF18628C36E89C</Signature>
    <Signature>4B41F5D2532DDEA84372DB3317EBEB413AF2A2EE</Signature>
    <Signature>63A62203ACF13868A726B91F3F89919ADC7F49EF</Signature>
    <Signature>51C3A83A0852F58EA95AE17027403CC9A4024889</Signature>
    <Signature>B7FFF6D071AE2E959389ED8800B6F1B76665897A</Signature>
    <Signature>737DFA4670B49B9E13CE60146DCB94E136277CF5</Signature>
  </Signatures>
</Test>