﻿<?xml version="1.0" encoding="utf-8"?>
<Test xmlns:xsi="http://www.w3.org/2001/XMLSchema-instance" xmlns:xsd="http://www.w3.org/2001/XMLSchema" Name="Address1CorrectTest" IsTestCase="false" TestCaseId="0" AutomatedTestId="400281ce-9093-2a30-e08a-062792a90cf7">
  <Signatures>
    <Signature>2604EA060D09B9BA795BF78328BF18628C36E89C</Signature>
    <Signature>4B41F5D2532DDEA84372DB3317EBEB413AF2A2EE</Signature>
    <Signature>74681237D085FB61B1E0C099917F9F397A8C0AC9</Signature>
    <Signature>51C3A83A0852F58EA95AE17027403CC9A4024889</Signature>
    <Signature>9AF2C63F5DA0D4A6AA30432F5E4877CB39AE8D38</Signature>
    <Signature>8F885AA9ED653F6A1309C6DB5AF9192E10A0FCE6</Signature>
  </Signatures>
</Test>