﻿<?xml version="1.0" encoding="utf-8"?>
<Test xmlns:xsi="http://www.w3.org/2001/XMLSchema-instance" xmlns:xsd="http://www.w3.org/2001/XMLSchema" Name="CityFail31CharsTest" IsTestCase="false" TestCaseId="0" AutomatedTestId="4e887e3a-e6e1-33b3-334e-80d7409084f4">
  <Signatures>
    <Signature>2604EA060D09B9BA795BF78328BF18628C36E89C</Signature>
    <Signature>4B41F5D2532DDEA84372DB3317EBEB413AF2A2EE</Signature>
    <Signature>19E890B46C9826DF6C78296ACE5C8E0187DA4E0F</Signature>
    <Signature>51C3A83A0852F58EA95AE17027403CC9A4024889</Signature>
    <Signature>9F3208AD163E94616026081076593E255331EFC6</Signature>
    <Signature>582164287DE3A3D2DCC4E3E51127DBCB52639CC8</Signature>
  </Signatures>
</Test>