﻿<?xml version="1.0" encoding="utf-8"?>
<Test xmlns:xsi="http://www.w3.org/2001/XMLSchema-instance" xmlns:xsd="http://www.w3.org/2001/XMLSchema" Name="NameTestFail2Chars" IsTestCase="false" TestCaseId="0" AutomatedTestId="30b98cf1-d2e5-c750-bbb9-fd35b5b3e5f1">
  <Signatures>
    <Signature>2604EA060D09B9BA795BF78328BF18628C36E89C</Signature>
    <Signature>4B41F5D2532DDEA84372DB3317EBEB413AF2A2EE</Signature>
    <Signature>2E71E52DE614D1C9AAD7FE31B84859EB08C14DC9</Signature>
    <Signature>51C3A83A0852F58EA95AE17027403CC9A4024889</Signature>
    <Signature>AFF12B896A71823C8274CABB8C32A07D043372FD</Signature>
    <Signature>51E3AC58B31EE1C9FD1E9A8D996B45D1ED950A7E</Signature>
  </Signatures>
</Test>