﻿<?xml version="1.0" encoding="utf-8"?>
<Test xmlns:xsi="http://www.w3.org/2001/XMLSchema-instance" xmlns:xsd="http://www.w3.org/2001/XMLSchema" Name="ContactFail31CharsTest" IsTestCase="false" TestCaseId="0" AutomatedTestId="881b36a6-ef72-9f40-567d-d3d7e8f4f8f5">
  <Signatures>
    <Signature>2604EA060D09B9BA795BF78328BF18628C36E89C</Signature>
    <Signature>4B41F5D2532DDEA84372DB3317EBEB413AF2A2EE</Signature>
    <Signature>1E689320FB3104EB902306CC082AABE2E7BDF12C</Signature>
    <Signature>51C3A83A0852F58EA95AE17027403CC9A4024889</Signature>
    <Signature>6D21D521085D8FA05B58D44001FE734EB4E36D8D</Signature>
    <Signature>44948D353D30BDAA550032CC1F879E33052A3B0F</Signature>
  </Signatures>
</Test>