﻿<?xml version="1.0" encoding="utf-8"?>
<Test xmlns:xsi="http://www.w3.org/2001/XMLSchema-instance" xmlns:xsd="http://www.w3.org/2001/XMLSchema" Name="NamePassTest" IsTestCase="false" TestCaseId="0" AutomatedTestId="a98a2bd0-3b02-3571-b0d7-557ef3fc3c2d">
  <Signatures>
    <Signature>492C29F394A876CC8A4BEF2C972A60365ECE2D9E</Signature>
    <Signature>E7B1B78F7671CD6B0DF85FBDC28BB2C930EF3735</Signature>
    <Signature>AE55264E6C673B2144EFF354120334467C57D978</Signature>
    <Signature>539E1093B4D78A058977823964DCC20AC6BEE95D</Signature>
    <Signature>D4F75B5573B31B4A7C001623071034541537AEC7</Signature>
    <Signature>7E59A5D1DBB7B33040748AFCF0327848D33BD6B9</Signature>
  </Signatures>
</Test>