﻿<?xml version="1.0" encoding="utf-8"?>
<Test xmlns:xsi="http://www.w3.org/2001/XMLSchema-instance" xmlns:xsd="http://www.w3.org/2001/XMLSchema" Name="ContactFail4CharsTest" IsTestCase="false" TestCaseId="0" AutomatedTestId="67907fcf-a3f0-7bc0-4231-18291b706efa">
  <Signatures>
    <Signature>2604EA060D09B9BA795BF78328BF18628C36E89C</Signature>
    <Signature>4B41F5D2532DDEA84372DB3317EBEB413AF2A2EE</Signature>
    <Signature>E6230620DB6618B65F3F93A0B83E77ACEAD46FF6</Signature>
    <Signature>51C3A83A0852F58EA95AE17027403CC9A4024889</Signature>
    <Signature>6D21D521085D8FA05B58D44001FE734EB4E36D8D</Signature>
    <Signature>44948D353D30BDAA550032CC1F879E33052A3B0F</Signature>
  </Signatures>
</Test>