﻿<?xml version="1.0" encoding="utf-8"?>
<Test xmlns:xsi="http://www.w3.org/2001/XMLSchema-instance" xmlns:xsd="http://www.w3.org/2001/XMLSchema" Name="StateFailIDTest" IsTestCase="false" TestCaseId="0" AutomatedTestId="2484271a-e5f7-84e5-c361-84b7374434d2">
  <Signatures>
    <Signature>2604EA060D09B9BA795BF78328BF18628C36E89C</Signature>
    <Signature>4B41F5D2532DDEA84372DB3317EBEB413AF2A2EE</Signature>
    <Signature>00316C4B1736D877A810D40C2453A71FC163F65A</Signature>
    <Signature>51C3A83A0852F58EA95AE17027403CC9A4024889</Signature>
    <Signature>2CECD77B7C358E01793913377E790A26F1215141</Signature>
    <Signature>C21A0F6E509F3E42C3D52BDE78689B8583C03EB9</Signature>
  </Signatures>
</Test>