﻿<?xml version="1.0" encoding="utf-8"?>
<Test xmlns:xsi="http://www.w3.org/2001/XMLSchema-instance" xmlns:xsd="http://www.w3.org/2001/XMLSchema" Name="ZipTest9DigitFormat" IsTestCase="false" TestCaseId="0" AutomatedTestId="b769c527-cf42-5c04-c301-db4dcb62c8bb">
  <Signatures>
    <Signature>2604EA060D09B9BA795BF78328BF18628C36E89C</Signature>
    <Signature>4B41F5D2532DDEA84372DB3317EBEB413AF2A2EE</Signature>
    <Signature>668008336FF3143ABC8F8E0BAD77513A9901285D</Signature>
    <Signature>51C3A83A0852F58EA95AE17027403CC9A4024889</Signature>
    <Signature>E935CAC3CC61A06FF112DFF46D803E7610370743</Signature>
    <Signature>B7FFF6D071AE2E959389ED8800B6F1B76665897A</Signature>
  </Signatures>
</Test>