﻿<?xml version="1.0" encoding="utf-8"?>
<Test xmlns:xsi="http://www.w3.org/2001/XMLSchema-instance" xmlns:xsd="http://www.w3.org/2001/XMLSchema" Name="EmailCorrectTest" IsTestCase="false" TestCaseId="0" AutomatedTestId="40fb2f49-587b-c3d9-e465-7fd931c038cb">
  <Signatures>
    <Signature>2604EA060D09B9BA795BF78328BF18628C36E89C</Signature>
    <Signature>4B41F5D2532DDEA84372DB3317EBEB413AF2A2EE</Signature>
    <Signature>B722578F6964CCAC204026A915F8DE6942B924D4</Signature>
    <Signature>51C3A83A0852F58EA95AE17027403CC9A4024889</Signature>
    <Signature>521E4067B56628CF5509B85417C2CBA32221F092</Signature>
    <Signature>4229958DA13C282F0653E7FB39D48B35FD0D4943</Signature>
  </Signatures>
</Test>