﻿<?xml version="1.0" encoding="utf-8"?>
<Test xmlns:xsi="http://www.w3.org/2001/XMLSchema-instance" xmlns:xsd="http://www.w3.org/2001/XMLSchema" Name="LastCountDateInactiveCustomerTest" IsTestCase="false" TestCaseId="0" AutomatedTestId="2918eb65-01c9-bd55-77d9-f5b3c96bd21d">
  <Signatures>
    <Signature>2604EA060D09B9BA795BF78328BF18628C36E89C</Signature>
    <Signature>4B41F5D2532DDEA84372DB3317EBEB413AF2A2EE</Signature>
    <Signature>43EFBC6D946D64F6224AFAB49A61FEBCBECDEB35</Signature>
    <Signature>51C3A83A0852F58EA95AE17027403CC9A4024889</Signature>
    <Signature>29AF390D99D9A2EAA5FF1491AD94067A88871C50</Signature>
    <Signature>259F6968DBD0A3F4E74A9AF66C2CD8A8567B7F86</Signature>
    <Signature>C4292CDB2646EDBE5277EE11766895B12326C27A</Signature>
    <Signature>9C28756303ED81C29012748CEA5DFC8B1D970453</Signature>
    <Signature>2BAC63C69745DCEA2CED43D91EC6EF2028EA3BF0</Signature>
  </Signatures>
</Test>