﻿<?xml version="1.0" encoding="utf-8"?>
<Test xmlns:xsi="http://www.w3.org/2001/XMLSchema-instance" xmlns:xsd="http://www.w3.org/2001/XMLSchema" Name="ContactCorrectTest" IsTestCase="false" TestCaseId="0" AutomatedTestId="cc82d7d4-03bf-d913-41e1-8ab400185dee">
  <Signatures>
    <Signature>2604EA060D09B9BA795BF78328BF18628C36E89C</Signature>
    <Signature>4B41F5D2532DDEA84372DB3317EBEB413AF2A2EE</Signature>
    <Signature>AF8C9977D7EF207B63D0CFFDB2C6C5500F08BB60</Signature>
    <Signature>51C3A83A0852F58EA95AE17027403CC9A4024889</Signature>
    <Signature>FAC753EFD253A712105AEF5419C7DC391D5D7BEE</Signature>
    <Signature>6D21D521085D8FA05B58D44001FE734EB4E36D8D</Signature>
  </Signatures>
</Test>