﻿<?xml version="1.0" encoding="utf-8"?>
<Test xmlns:xsi="http://www.w3.org/2001/XMLSchema-instance" xmlns:xsd="http://www.w3.org/2001/XMLSchema" Name="Address2CorrectTest" IsTestCase="false" TestCaseId="0" AutomatedTestId="185fb6fd-ee95-b49a-80c7-8f664cd7bcad">
  <Signatures>
    <Signature>2604EA060D09B9BA795BF78328BF18628C36E89C</Signature>
    <Signature>4B41F5D2532DDEA84372DB3317EBEB413AF2A2EE</Signature>
    <Signature>F29DF59E0B5956F28D8C4CACD6607F3041B527C5</Signature>
    <Signature>51C3A83A0852F58EA95AE17027403CC9A4024889</Signature>
    <Signature>E2429F1EF4EDFE41D247DAAD2BC057E0E95FE14E</Signature>
    <Signature>F4B8602BABAE1AC031EFA524C1E69C498EE87EDC</Signature>
  </Signatures>
</Test>