﻿<?xml version="1.0" encoding="utf-8"?>
<Test xmlns:xsi="http://www.w3.org/2001/XMLSchema-instance" xmlns:xsd="http://www.w3.org/2001/XMLSchema" Name="StateCorrectTest" IsTestCase="false" TestCaseId="0" AutomatedTestId="3cdddfeb-79da-b61e-fad7-4eb3468f3b57">
  <Signatures>
    <Signature>2604EA060D09B9BA795BF78328BF18628C36E89C</Signature>
    <Signature>4B41F5D2532DDEA84372DB3317EBEB413AF2A2EE</Signature>
    <Signature>A4048995186EDD293194B48BEB6B8F1C755D7FE4</Signature>
    <Signature>51C3A83A0852F58EA95AE17027403CC9A4024889</Signature>
    <Signature>2BD56D7914776ACB99E78598572DC1E079E1CAA2</Signature>
    <Signature>2CECD77B7C358E01793913377E790A26F1215141</Signature>
  </Signatures>
</Test>