﻿<?xml version="1.0" encoding="utf-8"?>
<Test xmlns:xsi="http://www.w3.org/2001/XMLSchema-instance" xmlns:xsd="http://www.w3.org/2001/XMLSchema" Name="NameTest25Chars" IsTestCase="false" TestCaseId="0" AutomatedTestId="12fce264-0a9e-7a42-897a-e4c7d8944bd6">
  <Signatures>
    <Signature>2604EA060D09B9BA795BF78328BF18628C36E89C</Signature>
    <Signature>4B41F5D2532DDEA84372DB3317EBEB413AF2A2EE</Signature>
    <Signature>E6FA8C7ABAA5F3D61E4AA4D269E6E961838F7905</Signature>
    <Signature>51C3A83A0852F58EA95AE17027403CC9A4024889</Signature>
    <Signature>CFC15DFD9BCF6693887B1F3D824A3C8C7FE5B06F</Signature>
    <Signature>AFF12B896A71823C8274CABB8C32A07D043372FD</Signature>
  </Signatures>
</Test>