﻿<?xml version="1.0" encoding="utf-8"?>
<Test xmlns:xsi="http://www.w3.org/2001/XMLSchema-instance" xmlns:xsd="http://www.w3.org/2001/XMLSchema" Name="EmailIncorrectNoNameTest" IsTestCase="false" TestCaseId="0" AutomatedTestId="cab1058c-fb2b-dfbb-8c16-235f4ed34169">
  <Signatures>
    <Signature>2604EA060D09B9BA795BF78328BF18628C36E89C</Signature>
    <Signature>4B41F5D2532DDEA84372DB3317EBEB413AF2A2EE</Signature>
    <Signature>E87C1523BD6C207D15B9DB0BE27F968F4BE1CEE4</Signature>
    <Signature>51C3A83A0852F58EA95AE17027403CC9A4024889</Signature>
    <Signature>4229958DA13C282F0653E7FB39D48B35FD0D4943</Signature>
    <Signature>74CD001EA7DEB8D009A15855E51A4932753EC9A9</Signature>
  </Signatures>
</Test>