﻿<?xml version="1.0" encoding="utf-8"?>
<Test xmlns:xsi="http://www.w3.org/2001/XMLSchema-instance" xmlns:xsd="http://www.w3.org/2001/XMLSchema" Name="PhoneCorrectDashesTest" IsTestCase="false" TestCaseId="0" AutomatedTestId="93dfd207-ff7d-3f92-918e-00c07b574d23">
  <Signatures>
    <Signature>2604EA060D09B9BA795BF78328BF18628C36E89C</Signature>
    <Signature>4B41F5D2532DDEA84372DB3317EBEB413AF2A2EE</Signature>
    <Signature>3C4223C8E6CB759FCFAD749BE1CA8F5A6F7E1A6B</Signature>
    <Signature>51C3A83A0852F58EA95AE17027403CC9A4024889</Signature>
    <Signature>24C6DCAF71EBF3D8E54A3D43A407E5058D1CC07D</Signature>
    <Signature>79F1ABDE9535636A1EC7640B0BF4F840E26957DB</Signature>
    <Signature>6B6456864543884405A22FDC94E39A57BD6E36DC</Signature>
  </Signatures>
</Test>