﻿<?xml version="1.0" encoding="utf-8"?>
<Test xmlns:xsi="http://www.w3.org/2001/XMLSchema-instance" xmlns:xsd="http://www.w3.org/2001/XMLSchema" Name="CityCorrectTest" IsTestCase="false" TestCaseId="0" AutomatedTestId="c62bc3c5-5c93-c5b7-255e-f0097404133e">
  <Signatures>
    <Signature>2604EA060D09B9BA795BF78328BF18628C36E89C</Signature>
    <Signature>4B41F5D2532DDEA84372DB3317EBEB413AF2A2EE</Signature>
    <Signature>48F59AD51B592E46D58D48A984CFCFFF3E26A934</Signature>
    <Signature>51C3A83A0852F58EA95AE17027403CC9A4024889</Signature>
    <Signature>7AA16BCA56F7264BE364C965FE4A19BE39D322C4</Signature>
    <Signature>9F3208AD163E94616026081076593E255331EFC6</Signature>
  </Signatures>
</Test>