﻿<?xml version="1.0" encoding="utf-8"?>
<Test xmlns:xsi="http://www.w3.org/2001/XMLSchema-instance" xmlns:xsd="http://www.w3.org/2001/XMLSchema" Name="CityFail4CharsTest" IsTestCase="false" TestCaseId="0" AutomatedTestId="3ef5dfb6-cac7-3152-9606-d2add644d07c">
  <Signatures>
    <Signature>2604EA060D09B9BA795BF78328BF18628C36E89C</Signature>
    <Signature>4B41F5D2532DDEA84372DB3317EBEB413AF2A2EE</Signature>
    <Signature>6E78BCE83E33D7D26C63D66EA6B0E6D4F21BD066</Signature>
    <Signature>51C3A83A0852F58EA95AE17027403CC9A4024889</Signature>
    <Signature>9F3208AD163E94616026081076593E255331EFC6</Signature>
    <Signature>582164287DE3A3D2DCC4E3E51127DBCB52639CC8</Signature>
  </Signatures>
</Test>