﻿<?xml version="1.0" encoding="utf-8"?>
<Test xmlns:xsi="http://www.w3.org/2001/XMLSchema-instance" xmlns:xsd="http://www.w3.org/2001/XMLSchema" Name="LastOrderDateMaxFailTest" IsTestCase="false" TestCaseId="0" AutomatedTestId="ee94bc9f-64b8-a615-597b-c7ef530cfb7d">
  <Signatures>
    <Signature>2604EA060D09B9BA795BF78328BF18628C36E89C</Signature>
    <Signature>4B41F5D2532DDEA84372DB3317EBEB413AF2A2EE</Signature>
    <Signature>3F230F9F718C206D6800DA436F79F88843632D87</Signature>
    <Signature>51C3A83A0852F58EA95AE17027403CC9A4024889</Signature>
    <Signature>29AF390D99D9A2EAA5FF1491AD94067A88871C50</Signature>
    <Signature>259F6968DBD0A3F4E74A9AF66C2CD8A8567B7F86</Signature>
    <Signature>305178561D3084220C06108C10E088C9B83F3686</Signature>
    <Signature>0FEF753F3B26322A274DA9B1EA86540DF259111C</Signature>
    <Signature>2BAC63C69745DCEA2CED43D91EC6EF2028EA3BF0</Signature>
  </Signatures>
</Test>