﻿<?xml version="1.0" encoding="utf-8"?>
<Test xmlns:xsi="http://www.w3.org/2001/XMLSchema-instance" xmlns:xsd="http://www.w3.org/2001/XMLSchema" Name="EmailIncorrectNoEndTest" IsTestCase="false" TestCaseId="0" AutomatedTestId="54b3c2e8-910c-bdeb-f632-9fd51bcdf028">
  <Signatures>
    <Signature>2604EA060D09B9BA795BF78328BF18628C36E89C</Signature>
    <Signature>4B41F5D2532DDEA84372DB3317EBEB413AF2A2EE</Signature>
    <Signature>8E8F64A58919D05AC357D1BAE0210285063E183B</Signature>
    <Signature>51C3A83A0852F58EA95AE17027403CC9A4024889</Signature>
    <Signature>4229958DA13C282F0653E7FB39D48B35FD0D4943</Signature>
    <Signature>74CD001EA7DEB8D009A15855E51A4932753EC9A9</Signature>
  </Signatures>
</Test>