﻿<?xml version="1.0" encoding="utf-8"?>
<Test xmlns:xsi="http://www.w3.org/2001/XMLSchema-instance" xmlns:xsd="http://www.w3.org/2001/XMLSchema" Name="PhoneFail11CharsTest" IsTestCase="false" TestCaseId="0" AutomatedTestId="0bf2ddd7-f2cf-c7f8-7529-d8477a113f51">
  <Signatures>
    <Signature>2604EA060D09B9BA795BF78328BF18628C36E89C</Signature>
    <Signature>4B41F5D2532DDEA84372DB3317EBEB413AF2A2EE</Signature>
    <Signature>5B5A33311FC15CB32C171B87CA8D1BA17C278A44</Signature>
    <Signature>51C3A83A0852F58EA95AE17027403CC9A4024889</Signature>
    <Signature>79F1ABDE9535636A1EC7640B0BF4F840E26957DB</Signature>
    <Signature>3FAA3B814FA8F43BE9AC2AEC0178D5E811616F01</Signature>
    <Signature>6B6456864543884405A22FDC94E39A57BD6E36DC</Signature>
  </Signatures>
</Test>