﻿<?xml version="1.0" encoding="utf-8"?>
<Test xmlns:xsi="http://www.w3.org/2001/XMLSchema-instance" xmlns:xsd="http://www.w3.org/2001/XMLSchema" Name="FaxCorrectDashesTest" IsTestCase="false" TestCaseId="0" AutomatedTestId="c735ec20-e823-2b4a-8650-2b8e8f2678ec">
  <Signatures>
    <Signature>2604EA060D09B9BA795BF78328BF18628C36E89C</Signature>
    <Signature>4B41F5D2532DDEA84372DB3317EBEB413AF2A2EE</Signature>
    <Signature>CCB325D9E11F32E8D13EB9E19DDD5D0AD7ABF481</Signature>
    <Signature>51C3A83A0852F58EA95AE17027403CC9A4024889</Signature>
    <Signature>532D6BD09E540BCD3879D358AD70CDE34A7139FB</Signature>
    <Signature>E3E9D7843BAD3E337CE4FDDACFDEA63F2C8CA7A3</Signature>
    <Signature>6B6456864543884405A22FDC94E39A57BD6E36DC</Signature>
  </Signatures>
</Test>