﻿<?xml version="1.0" encoding="utf-8"?>
<Test xmlns:xsi="http://www.w3.org/2001/XMLSchema-instance" xmlns:xsd="http://www.w3.org/2001/XMLSchema" Name="Address2Fail4CharsTest" IsTestCase="false" TestCaseId="0" AutomatedTestId="525dcc8d-9426-289d-0e3d-0fa848f7e785">
  <Signatures>
    <Signature>2604EA060D09B9BA795BF78328BF18628C36E89C</Signature>
    <Signature>4B41F5D2532DDEA84372DB3317EBEB413AF2A2EE</Signature>
    <Signature>17958B25327DC809852071E59F01F60C1D950E73</Signature>
    <Signature>51C3A83A0852F58EA95AE17027403CC9A4024889</Signature>
    <Signature>F4B8602BABAE1AC031EFA524C1E69C498EE87EDC</Signature>
    <Signature>13B72CBA7D40FCFE9710026AF114AAF980893E69</Signature>
  </Signatures>
</Test>