﻿<?xml version="1.0" encoding="utf-8"?>
<Test xmlns:xsi="http://www.w3.org/2001/XMLSchema-instance" xmlns:xsd="http://www.w3.org/2001/XMLSchema" Name="PhoneCorrectNoDashesTest" IsTestCase="false" TestCaseId="0" AutomatedTestId="528e46af-b424-a1fe-33c1-909ec8af2f69">
  <Signatures>
    <Signature>2604EA060D09B9BA795BF78328BF18628C36E89C</Signature>
    <Signature>4B41F5D2532DDEA84372DB3317EBEB413AF2A2EE</Signature>
    <Signature>9E0C182A430513A2FC7E5ABD688E4F3A4049EFED</Signature>
    <Signature>51C3A83A0852F58EA95AE17027403CC9A4024889</Signature>
    <Signature>24C6DCAF71EBF3D8E54A3D43A407E5058D1CC07D</Signature>
    <Signature>79F1ABDE9535636A1EC7640B0BF4F840E26957DB</Signature>
    <Signature>6B6456864543884405A22FDC94E39A57BD6E36DC</Signature>
  </Signatures>
</Test>