﻿<?xml version="1.0" encoding="utf-8"?>
<Test xmlns:xsi="http://www.w3.org/2001/XMLSchema-instance" xmlns:xsd="http://www.w3.org/2001/XMLSchema" Name="NameFailTooLongTest" IsTestCase="false" TestCaseId="0" AutomatedTestId="f27e7149-6418-2064-5924-0a9298b9cd7a">
  <Signatures>
    <Signature>492C29F394A876CC8A4BEF2C972A60365ECE2D9E</Signature>
    <Signature>E7B1B78F7671CD6B0DF85FBDC28BB2C930EF3735</Signature>
    <Signature>7FF843BB090D41F67083C3CF81F4EFE2E3E6263B</Signature>
    <Signature>539E1093B4D78A058977823964DCC20AC6BEE95D</Signature>
    <Signature>7E59A5D1DBB7B33040748AFCF0327848D33BD6B9</Signature>
    <Signature>DFCB4F97DEED5B3C34C7680BFA5B54566F3234F7</Signature>
  </Signatures>
</Test>