﻿<?xml version="1.0" encoding="utf-8"?>
<Test xmlns:xsi="http://www.w3.org/2001/XMLSchema-instance" xmlns:xsd="http://www.w3.org/2001/XMLSchema" Name="ZipTest5DigitFormat" IsTestCase="false" TestCaseId="0" AutomatedTestId="5ad756a0-87c5-6445-96ae-528ce40df6f0">
  <Signatures>
    <Signature>2604EA060D09B9BA795BF78328BF18628C36E89C</Signature>
    <Signature>4B41F5D2532DDEA84372DB3317EBEB413AF2A2EE</Signature>
    <Signature>BFFE03B8846720F5381D8AD1A108E9618BE1D2FD</Signature>
    <Signature>51C3A83A0852F58EA95AE17027403CC9A4024889</Signature>
    <Signature>E935CAC3CC61A06FF112DFF46D803E7610370743</Signature>
    <Signature>B7FFF6D071AE2E959389ED8800B6F1B76665897A</Signature>
  </Signatures>
</Test>